{
    "concept": {
        "categories": {
            "name": "New Concept",
            "pairs": [
                [
                    1,
                    0.14286
                ],
                [
                    7,
                    1
                ]
            ],
            "categories": [
                {
                    "name": "Number of Passengers",
                    "pairs": [
                        [
                            1,
                            0.11111,
                            9
                        ],
                        [
                            9,
                            1,
                            0.11111
                        ],
                        [
                            0.11111,
                            9,
                            1
                        ]
                    ]
                },
                {
                    "name": "Powerplant",
                    "pairs": [
                        [
                            1,
                            0.125
                        ],
                        [
                            8,
                            1
                        ]
                    ],
                    "categories": [
                        {
                            "name": "Max Power Installed",
                            "pairs": [
                                [
                                    1,
                                    0.14286,
                                    9
                                ],
                                [
                                    7,
                                    1,
                                    9
                                ],
                                [
                                    0.11111,
                                    0.11111,
                                    1
                                ]
                            ]
                        },
                        {
                            "name": "Pollutant Emissions",
                            "pairs": [
                                [
                                    1,
                                    4,
                                    0.11111
                                ],
                                [
                                    0.25,
                                    1,
                                    0.11111
                                ],
                                [
                                    9,
                                    9,
                                    1
                                ]
                            ]
                        }
                    ]
                }
            ]
        },
        "designs": [
            {
                "name": "Helicopter"
            },
            {
                "name": "Aircraft"
            },
            {
                "name": "Paper Plane"
            }
        ]
    },
    "mission": {
        "segments": [
            {
                "name": "A",
                "type": "taxi",
                "energy_network": "Fuel Energy Network @ Forward Flight",
                "time": 120.0,
                "altitude": 0.0
            },
            {
                "name": "B",
                "type": "vertical_climb",
                "energy_network": "Electric Energy Network",
                "velocity": 6.0,
                "altitude": [
                    0.0,
                    600.0
                ]
            },
            {
                "name": "C",
                "type": "hover",
                "energy_network": "Electric Energy Network",
                "altitude": 600.0,
                "time": 10.0
            },
            {
                "name": "D",
                "type": "climb",
                "energy_network": "Fuel Energy Network @ Forward Flight",
                "velocity": 60.0,
                "altitude": [
                    600.0,
                    1500.0
                ],
                "angle": 5
            },
            {
                "name": "E",
                "type": "recharge_cruise",
                "energy_network_recharge": "Recharge network",
                "energy_network_prop": "Fuel Energy Network @ Forward Flight",
                "velocity": 60.0,
                "velocity_stall": 32,
                "range": 100000.0,
                "altitude": 1500.0
            },
            {
                "name": "F",
                "type": "descent",
                "energy_network":  "Fuel Energy Network @ Forward Flight",
                "velocity": -40.0,
                "altitude": [
                    1500.0,
                    300.0
                ],
                "angle": -5.0
            },
            {
                "name": "G",
                "type": "hover",
                "energy_network": "Electric Energy Network",
                "altitude": 300.0,
                "time": 10.0
            },
            {
                "name": "H",
                "type": "vertical_descent",
                "energy_network": "Electric Energy Network",
                "velocity": -4.0,
                "altitude": [
                    300.0,
                    0.0
                ]
            }
        ]
    },
    "vehicle": {
        "components": [
            {
                "name": "Passenger",
                "type": "mass.point",
                "mass": 100,
                "number": 2,
                "position": {
                    "cg": [
                        [
                            1.5,
                            -0.6
                        ],
                        [
                            1.5,
                            0.6
                        ]
                    ]
                }
            },
            {
                "name": "Fuselage",
                "type": "fuselage",
                "interf_factor": 1.0,
                "diameter": 2.2,
                "length": 9.0,
                "mass": 250,
                "diameters": [
                    1,
                    1.8,
                    2,
                    2,
                    2,
                    2,
                    2,
                    2,
                    2,
                    2,
                    2,
                    2,
                    2,
                    1,
                    1,
                    1,
                    1,
                    1,
                    1
                ]
            },
            {
                "name": "Main Wing",
                "type": "wing.main",
                "interf_factor": 1.0,
                "mutual_interf": 0.4,
                "lift_to_drag_ratio": 17,
                "aspect_ratio": 8.8,
                "span": 12,
                "oswald_efficiency": 0.85,
                "airfoil": {
                    "type": "naca0015",
                    "tc_max": 0.15,
                    "xc_max": 0.3,
                    "lift_slope_coefficient": 6.2,
                    "cl_max": 2.0
                },
                "sweep_le": 10.0,
                "taper_ratio": 0.4,
                "mass": 250,
                "position": {
                    "leading_edge": 3
                }
            },
            {
                "name": "H-tail",
                "type": "wing.htail",
                "interf_factor": 1.0,
                "aspect_ratio": 5.0,
                "span": 5,
                "oswald_efficiency": 0.85,
                "airfoil": {
                    "type": "naca0015",
                    "tc_max": 0.15,
                    "xc_max": 0.3,
                    "lift_slope_coefficient": 6.2,
                    "cl_max": 2.0
                },
                "sweep_le": 25.0,
                "taper_ratio": 0.4,
                "mass": 100,
                "position": {
                    "leading_edge": 7.5
                }
            },
            {
                "name": "Vertical Tail",
                "type": "wing.vtail",
                "interf_factor": 1.0,
                "aspect_ratio": 5.0,
                "half_span": 0.5,
                "oswald_efficiency": 0.85,
                "airfoil": {
                    "type": "naca0015",
                    "tc_max": 0.15,
                    "xc_max": 0.3,
                    "lift_slope_coefficient": 6.2,
                    "cl_max": 2.0
                },
                "sweep_le": 10.0,
                "taper_ratio": 0.4,
                "mass": 50,
                "position": {
                    "leading_edge": 7.5
                }
            },
            {
                "name": "Turboshaft",
                "type": "engine.prop",
                "mass": 200,
                "number": 1,
                "max_power": 300000,
                "position": {
                    "cg": [
                        [
                            3.5,
                            0
                        ]
                    ]
                }
            },
            {
                "name": "Battery",
                "type": "energy.electric",
                "source_type": "Li-ion",
                "efficiency": 0.9,
                "usable_fraction": 0.75,
                "reserve": 0.35,
                "number_packs": {
                    "series": 3,
                    "parallel": 6
                },
                "volt": 12,
                "mass": 0,
                "position": {
                    "cg": [
                        [
                            5,
                            0
                        ]
                    ]
                },
                "recharge_location": "BC_Canada"
            },
            {
                "name": "Inverter",
                "type": "inverter",
                "mass": 0,
                "number": 2,
                "efficiency": 0.9,
                "position": {
                    "cg": [
                        [
                            6,
                            0
                        ]
                    ]
                }
            },
            {
                "name": "ESC",
                "type": "electronic_speed_controller",
                "mass": 0,
                "number": 2,
                "efficiency": 0.9,
                "position": {
                    "cg": [
                        [
                            6,
                            0
                        ]
                    ]
                }
            },
            {
                "name": "PDM",
                "type": "power_dist_module",
                "mass": 0,
                "number": 2,
                "efficiency": 0.9,
                "position": {
                    "cg": [
                        [
                            6,
                            0
                        ]
                    ]
                }
            },
            {
                "name": "Fuel Tank",
                "type": "energy.fuel",
                "source_type": "jet-fuel",
                "reserve": 0.06,
                "mass": 0,
                "position": {
                    "cg": [
                        [
                            6,
                            0
                        ]
                    ]
                }
            },
            {
                "name": "Hydrogen",
                "type": "energy.hydrogen",
                "source_type": "LH2-electrolysis",
                "reserve": 0.06,
                "mass": 0,
                "position": {
                    "cg": [
                        [
                            6,
                            0
                        ]
                    ]
                }
            },
            {
                "name": "Hydrogen tanks",
                "type": "tank",
                "mass": 0,
                "number": 4,
                "position": {
                    "cg": [
                        [
                            6,
                            0
                        ]
                    ]
                }
            },
            {
                "name": "Rear Landing Gear",
                "type": "landing_gear",
                "mass": 0,
                "position": {
                    "cg": [
                        [
                            6,
                            0
                        ]
                    ]
                }
            },
            {
                "name": "Front Landing Gear",
                "type": "landing_gear",
                "mass": 0,
                "position": {
                    "cg": [
                        [
                            6,
                            0
                        ]
                    ]
                }
            },
            {
                "name": "Valve",
                "type": "valve",
                "number": 4,
                "mass": 0,
                "position": {
                    "cg": [
                        [
                            6,
                            0
                        ]
                    ]
                }
            },
            {
                "name": "Fuel cell",
                "type": "fuel_cell",
                "component_type": "fuel-cell",
                "mass": 0,
                "number": 1,
                "efficiency": 0.50,
                "max_power": 50000,
                "position": {
                    "cg": [
                        [
                            6,
                            0
                        ]
                    ]
                }
            },
            {
                "name": "Propeller 1",
                "type": "driver.prop",
                "number": 2,
                "number_blades": 5,
                "radius": 1.5,
                "rotor_solidity": 0.08,
                "induced_power_factor": 1.15,
                "base_drag_coefficient": 0.02,
                "tip_velocity": 200,
                "efficiency": 0.6,
                "coaxial": "No",
                "ducted": "No",
                "mass": 20,
                "position": {
                    "cg": {
                        "vtol":[
                        [
                            9,
                            -2.5
                        ],
                        [
                            9,
                            2.5
                        ]
                        ]
                    }
                }
            },
            {
                "name": "Propeller 2",
                "type": "driver.prop",
                "number": 3,
                "number_blades": 5,
                "radius": 0.7,
                "rotor_solidity": 0.08,
                "induced_power_factor": 1.15,
                "base_drag_coefficient": 0.02,
                "tip_velocity": 200,
                "efficiency": 0.6,
                "coaxial": "No",
                "ducted": "No",
                "mass": 20,
                "position": {
                    "cg": {
                        "vtol":[
                        [4.5,-6],
                        [4.5,6]
                        ],
                        "forward":
                        [0,0]
                    }
                }
            },
            {
                "name": "Generator",
                "type": "generator",
                "efficiency": 0.96,
                "mass": 100,
                "number": 1,
                "position": {
                    "cg": [
                        [4.5,0]
                    ]
                }
            },
            {
                "name": "Electric Motor 1",
                "type": "motor.prop",
                "number": 2,
                "efficiency": 0.88,
                "mass": 50,
                "max_power": 200000,
                "position": {
                    "cg": [
                        [4.5,-6],
                        [4.5,6]
                    ]
                }
            },
            {
                "name": "Electric Motor 2",
                "type": "motor.prop",
                "number": 2,
                "efficiency": 0.88,
                "mass": 50,
                "max_power": 200000,
                "position": {
                    "cg": [
                        [9,-2.5],
                        [9,2.5]
                    ]
                }
            }
        ]
    },
    "energy": {
        "networks": [
            {
                "name": "Fuel Energy Network @ Forward Flight",
                "layout": [
                    {
                        "name": "Fuel Tank"
                    },
                    {
                        "name": "Turboshaft",
                        "brake_specific_fuel_consumption": 4.25e-8,
                        "rating": 0.80
                    },
                    {
                        "name": "Propeller 2",
                        "number": 1
                    }
                ]
            },
            {
                "name": "Electric Energy Network",
                "layout": [
                    {
                        "name": "Battery"
                    },
                    [
                        {
                            "name": "Electric Motor 1",
                            "number": 2,
                            "rating": 0.7
                        },
                        {
                            "name": "Electric Motor 2",
                            "number": 2,
                            "rating": 0.7
                        }
                    ],
                    [
                        {
                            "name": "Propeller 1",
                            "number": 2
                        },
                        {
                            "name": "Propeller 2",
                            "number": 2
                        }
                    ]
                ]
            },
            {
                "name": "Recharge network",
                "layout": [
                    {
                        "name": "Fuel Tank"
                    },
                    {
                        "name": "Turboshaft",
                        "brake_specific_fuel_consumption": 2.55e-8,
                        "efficiency": 0.75,
                        "fuel_weight_fraction": 0.35
                    },
                    {
                        "name": "Generator"
                    },
                    {
                        "name": "Battery",
                        "efficiency": 1.0
                    }
                ]
            }
        ]
    }
}