{
    "concept": {
        "categories": {
            "name": "New Concept",
            "pairs": [
                [
                    1,
                    0.14286
                ],
                [
                    7,
                    1
                ]
            ],
            "categories": [
                {
                    "name": "Number of Passengers",
                    "pairs": [
                        [
                            1,
                            0.11111,
                            9
                        ],
                        [
                            9,
                            1,
                            0.11111
                        ],
                        [
                            0.11111,
                            9,
                            1
                        ]
                    ]
                },
                {
                    "name": "Powerplant",
                    "pairs": [
                        [
                            1,
                            0.125
                        ],
                        [
                            8,
                            1
                        ]
                    ],
                    "categories": [
                        {
                            "name": "Max Power Installed",
                            "pairs": [
                                [
                                    1,
                                    0.14286,
                                    9
                                ],
                                [
                                    7,
                                    1,
                                    9
                                ],
                                [
                                    0.11111,
                                    0.11111,
                                    1
                                ]
                            ]
                        },
                        {
                            "name": "Pollutant Emissions",
                            "pairs": [
                                [
                                    1,
                                    4,
                                    0.11111
                                ],
                                [
                                    0.25,
                                    1,
                                    0.11111
                                ],
                                [
                                    9,
                                    9,
                                    1
                                ]
                            ]
                        }
                    ]
                }
            ]
        },
        "designs": [
            {
                "name": "Helicopter"
            },
            {
                "name": "Aircraft"
            },
            {
                "name": "Paper Plane"
            }
        ]
    },
    "mission": {
        "segments": [
            {
                "name": "A",
                "type": "vertical_climb",
                "energy_network": "Electric Vertical Energy Network",
                "velocity": 5,
                "altitude": [
                    200,
                    900
                ]
            },
            {
                "name": "B",
                "type": "hover",
                "energy_network": "Electric Vertical Energy Network",
                "altitude": 900.0,
                "time": 10.0 
            },
            {
                "name": "C",
                "type": "hybrid_cruise",
                "energy_network_fuel": "Hydrogen Energy Network",
                "energy_network_battery": "Electric Forward Energy Network",
                "velocity": 100,
                "velocity_stall": 32,
                "range": 20000,
                "altitude": 900
            },
            {
                "name": "D",
                "type": "hold",
                "energy_network": "Electric Forward Energy Network",
                "velocity": 35,
                "altitude": 900,
                "time": 120
            },
            {
                "name": "E",
                "type": "hover",
                "energy_network": "Electric Vertical Energy Network",
                "altitude": 900,
                "time": 10
            },
            {
                "name": "F",
                "type": "vertical_descent",
                "energy_network": "Electric Vertical Energy Network",
                "velocity": -4,
                "altitude": [
                    900,
                    100
                ]
            }
        ]
    },
    "vehicle": {
        "components": [
            {
                "name": "Passenger",
                "type": "mass.point",
                "mass": 100,
                "number": 2,
                "position": {
                    "cg": [
                        [
                            1.5,
                            -0.6
                        ],
                        [
                            1.5,
                            0.6
                        ]
                    ]
                }
            },
            {
                "name": "Empty Mass",
                "type": "mass.empty",
                "mass": 0,
                "material": "composites",
                "equation": {
                    "type": "ax^(1+c)",
                    "a": 0.92,
                    "c": -0.05
                }
            },
            {
                "name": "Fuselage",
                "type": "fuselage",
                "interf_factor": 1.0,
                "diameter": 2.2,
                "length": 8.0,
                "mass": 0,
                "diameters": [1,1.8,2,2,2,2,2,2,2,2,2,2,2,1,1,1,1,1,1]
            },
            {
                "name": "Main Wing",
                "type": "wing.main",
                "interf_factor": 1.0,
                "lift_to_drag_ratio": 16,
                "aspect_ratio": 8,
                "span": 7,
                "oswald_efficiency": 0.85,
                "airfoil": {
                    "type": "naca0015",
                    "tc_max": 0.15,
                    "xc_max": 0.3,
                    "lift_slope_coefficient": 6.2,
                    "cl_max": 2.0
                },
                "sweep_le": 10.0,
                "taper_ratio": 0.4,
                "mass": 0,
                "position": {
                    "leading_edge": 6.5
                }
            },
            {
                "name": "Vertical Tail",
                "type": "wing.vtail",
                "interf_factor": 1.0,
                "aspect_ratio": 5.0,
                "half_span": 0.5,
                "oswald_efficiency": 0.85,
                "airfoil": {
                    "type": "naca0015",
                    "tc_max": 0.15,
                    "xc_max": 0.3,
                    "lift_slope_coefficient": 6.2,
                    "cl_max": 2.0
                },
                "sweep_le": 10.0,
                "taper_ratio": 0.4,
                "mass": 0,
                "position": {
                    "leading_edge": 7.5
                }
            },
            {
                "name": "Tandem wing",
                "type": "wing.secondary",
                "interf_factor": 1.0,
                "aspect_ratio": 7,
                "span": 6,
                "oswald_efficiency": 0.85,
                "airfoil": {
                    "type": "naca0015",
                    "tc_max": 0.15,
                    "xc_max": 0.3,
                    "lift_slope_coefficient": 6.2,
                    "cl_max": 2.0
                },
                "sweep_le": 10.0,
                "taper_ratio": 0.4,
                "mass": 0,
                "position": {
                    "leading_edge": 3
                }
            },
            {
                "name": "Battery",
                "type": "energy.electric",
                "source_type": "Li-S",
                "efficiency": 0.9,
                "usable_fraction": 0.80,
                "reserve": 0.15,
                "number_packs": {
                    "series": 3,
                    "parallel": 6
                },
                "volt": 12,
                "mass": 0,
                "position": {
                    "cg": [
                        [
                            5,
                            0
                        ]
                    ]
                },
                "recharge_location": "BC_Canada"
            },
            {
                "name": "PDM",
                "type": "power_dist_module",
                "mass": 0,
                "number": 2,
                "efficiency": 0.9,
                "position": {
                    "cg": [
                        [
                            7,
                            0
                        ]
                    ]
                }
            },
            {
                "name": "Hydrogen",
                "type": "energy.hydrogen",
                "source_type": "LH2-electrolysis",
                "reserve": 0.06,
                "mass": 0,
                "position": {
                    "cg": [
                        [
                            7,
                            0
                        ]
                    ]
                }
            },
            {
                "name": "Hydrogen tanks",
                "type": "tank",
                "mass": 0,
                "number": 4,
                "position": {
                    "cg": [
                        [
                            6,
                            0
                        ]
                    ]
                }
            },
            {
                "name": "Valve",
                "type": "valve",
                "number": 4,
                "mass": 0,
                "position": {
                    "cg": [
                        [
                            7,
                            0
                        ]
                    ]
                }
            },
            {
                "name": "Fuel cell",
                "type": "fuel_cell",
                "component_type": "fuel-cell",
                "mass": 0,
                "number": 1,
                "efficiency": 0.50,
                "max_power": 300000,
                "position": {
                    "cg": [
                        [
                            7,
                            0
                        ]
                    ]
                }
            },
            {
                "name": "Propeller",
                "type": "driver.prop",
                "number": 4,
                "number_blades": 2,
                "radius": 1,
                "rotor_solidity": 0.08,
                "induced_power_factor": 1.15,
                "base_drag_coefficient": 0.02,
                "tip_velocity": 200,
                "efficiency": 0.6,
                "coaxial": "No",
                "ducted": "No",
                "mass": 0,
                "position": {
                    "cg": {
                        "vtol":[
                            [7.5,-2.5],
                            [7.5,2.5],
                            [3.6,-2.5],
                            [3.6,2.5]
                        ]
                    }
                }
            },
            {
                "name": "Electric Motor",
                "type": "motor.prop",
                "number": 4,
                "efficiency": 0.88,
                "mass": 0,
                "max_power": 300000,
                "position": {
                    "cg": [
                        [7.5,-2.5],
                        [7.5,2.5],
                        [3.6,-2.5],
                        [3.6,2.5]
                    ]
                }
            }
        ]
    },
    "energy": {
        "networks": [
            {
                "name": "Hydrogen Energy Network",
                "layout": [
                    {
                        "name": "Hydrogen"
                    },
                    {
                        "name": "Fuel cell",
                        "rating": 0.90
                    },
                    {
                        "name": "PDM"
                    },
                    {
                        "name": "Electric Motor",
                        "rating": 0.8,
                        "number": 2
                    },
                    {
                        "name": "Propeller",
                        "number": 2
                    }
                ]
            },
            {
                "name": "Electric Vertical Energy Network",
                "layout": [
                    {
                        "name": "Battery"
                    },
                    {
                        "name": "Electric Motor",
                        "rating": 0.8,
                        "number": 4
                    },
                    {
                        "name": "Propeller",
                        "number": 4
                    }
                ]
            },
            {
                "name": "Electric Forward Energy Network",
                "layout": [
                    {
                        "name": "Battery",
                        "battery_energy_fraction": 0.7
                    },
                    {
                        "name": "PDM"
                    },
                    {
                        "name": "Electric Motor",
                        "rating": 0.8,
                        "number": 2
                    },
                    {
                        "name": "Propeller",
                        "number": 2
                    }
                ]
            }
        ]
    }
}